"Colour","Hour","Minutes","Longitude","Latitude"
"dark",16,7,151.047616457032,-33.8030318184239
"light",15,36,151.091073378638,-33.7666195947376
"light",15,49,150.709992160979,-33.7467878608321
"dark",16,32,151.243157626843,-33.7636249347831
"light",8,44,150.881855933261,-33.8877535524819
"light",7,54,150.94398218159,-33.8185792852536
"dark",16,27,150.69382158078,-33.726144435836
"dark",15,50,150.92719056259,-33.8050403231571
"light",16,2,151.295128980118,-33.8720324126929
"dark",16,16,151.13077590995,-33.7877745130884
"light",10,50,151.2554260798,-33.8748906862293
"dark",8,40,151.04368804502,-33.8237845837666
"dark",14,1,151.166528678427,-33.8520740468932
"light",8,5,151.177344218439,-33.855761775442
"dark",8,36,150.581563554644,-33.8074256239157
"dark",16,14,150.975262854554,-33.7805192486777
"dark",8,1,151.273748941861,-33.9571506718112
"dark",10,52,150.812844306322,-33.722356178035
"light",16,21,151.020971866981,-33.8352583689288
"light",11,44,150.916791077327,-33.8407788916362
"light",15,49,150.654852799281,-33.7833979580679
"dark",7,46,151.03427489475,-33.7825879953205
"dark",15,44,150.687047555824,-33.7697764875888
"dark",11,44,150.654790521576,-33.7755017994948
"dark",15,25,151.338548352953,-33.8585956114505
"dark",15,47,150.969371677791,-33.8171990538159
"light",7,1,150.95866768908,-33.8018265892852
"dark",16,15,150.934138836647,-33.9080922259214
"light",8,15,150.667566660267,-33.7865467425441
"dark",9,50,151.1748889005,-33.8797474135059
"dark",7,59,150.964286863935,-33.7255436185541
"dark",11,3,151.266124731689,-33.8638400917802
"dark",15,42,150.935417638295,-33.7695244919123
"light",16,10,150.69966298993,-33.7887544033102
"dark",16,12,150.717054482956,-33.7297271175721
"dark",16,47,151.20458657653,-33.8845591720492
"light",15,51,150.764007195641,-33.7548868788682
"light",15,26,151.021368422248,-33.8128842993125
"light",15,54,150.979692786188,-33.8088080373814
"light",10,23,151.02572134056,-33.8510521636167
"light",7,44,151.196402479794,-33.8930538796528
"dark",10,27,150.991936103856,-33.805388476578
"light",12,19,150.913312016979,-33.901486841045
"dark",16,23,150.994487134152,-33.7160421931469
"light",7,59,150.907021262752,-33.9880387853724
"light",8,18,151.033996716262,-33.8186957526177
"dark",8,20,151.262243638271,-33.8533936571069
"dark",16,2,151.117168160681,-33.8758489040791
"dark",7,55,150.99264792468,-33.8361683926562
"light",12,55,150.740226465544,-33.7447625694611
"dark",15,55,150.977387842341,-33.8214114622161
"dark",16,23,151.172087188086,-33.8365799314338
"light",9,33,151.063732715496,-33.8821595443687
"dark",8,1,151.216373385128,-33.8998156147998
"light",15,42,150.831568581843,-33.7420507017409
"dark",16,25,151.036407101547,-33.8051351920027
"dark",16,7,150.913933973532,-33.9733468892642
"light",7,41,151.208212429366,-33.846358241547
"light",8,45,150.518691689738,-33.765751599927
"light",15,55,150.945774631539,-33.8342470469818
"light",13,17,151.129818375542,-33.8102651215379
"dark",15,45,151.122859780585,-33.8104967505175
"light",7,2,151.050364447694,-33.7900131348586
"light",16,40,150.712372514384,-33.7790936823435
"light",15,22,151.203329823751,-33.867608488979
"light",16,16,150.909878137733,-33.8513310319507
"dark",8,42,151.009889387738,-33.706025330156
"light",12,43,150.620015788189,-33.7773966005722
"dark",10,56,150.999534516513,-33.8000811125419
"light",7,31,150.96158331036,-33.774346465952
"light",11,20,150.936181940519,-33.8337467512097
"light",7,31,150.939185174578,-33.9468496961803
"light",16,24,151.173410740656,-33.8848350242672
"dark",16,12,150.624947751971,-33.7468705891637
"light",8,20,150.88004602985,-34.0258808429785
"light",16,11,151.02770197775,-33.7378848283017
"light",8,19,150.698429824794,-33.7495359252822
"dark",7,39,151.017169860134,-33.8163795139794
"light",15,10,150.589920817928,-33.7566565299519
"light",8,8,151.157585825373,-33.8501145850466
"dark",16,34,151.009577773792,-33.8259372648658
"dark",15,29,151.000725317035,-33.8062544944562
"light",15,56,150.630599342531,-33.7847174752591
"dark",7,38,150.990336491337,-33.8183051480473
"light",8,9,151.120462886188,-33.8454553929527
"dark",11,22,150.801198359139,-33.7574013132177
"light",10,49,150.596710868798,-33.8192907893675
"dark",15,53,150.681619376185,-33.7441654134043
"dark",8,26,150.937158106453,-33.8317097491965
"dark",16,21,150.963351869833,-33.8026966280467
"dark",15,18,151.02212884483,-33.8004096872238
"light",8,9,150.912479773725,-33.8223688913667
"dark",17,14,151.297735568031,-33.8447138657702
"light",15,34,150.681096153165,-33.7317029421804
"dark",15,46,151.235795489181,-33.8911524004786
"dark",7,53,151.298257557042,-33.8726234150139
"light",15,46,150.893263532776,-33.9978471649759
"dark",15,51,151.252728790037,-33.8591824021941
"light",7,52,150.575340301072,-33.7609557196403
"dark",16,7,150.902122372926,-33.9783660863504
"dark",16,3,151.099627497864,-33.8584485975348
"light",15,44,150.995063169886,-33.8249817483294
"light",12,30,150.892187907544,-33.6751482844932
"light",13,30,151.186806024204,-33.8290411143089
"dark",15,42,150.883382632671,-33.6667742984091
"light",12,40,150.97969314316,-33.8536347825991
"light",15,55,150.702446781899,-33.8007888097792
"light",15,44,151.227276670419,-33.8604330228711
"dark",16,17,150.714873173549,-33.7543978042255
"light",12,23,150.623833530011,-33.7522286788189
"light",8,2,150.766641125373,-33.7142331353009
"light",16,29,150.932677205191,-33.927308330628
"dark",16,50,151.050041972851,-33.7288495054074
"light",11,54,150.870764541638,-34.0488350898018
"dark",16,18,150.817970935023,-33.7218412192721
"dark",8,1,150.985007416125,-33.839828075369
"light",7,36,151.279075306748,-33.8541637830398
"dark",15,2,151.178926070596,-33.8797532981567
"dark",12,1,151.004392579911,-33.7026961290817
"dark",15,34,150.946343480957,-33.8468181771428
"light",15,56,150.928375620095,-33.9329818826947
"dark",16,21,151.173268193957,-33.7454999942577
"dark",7,59,151.230491123925,-33.8559876247942
"light",7,21,151.266940399435,-33.8525843950085
"dark",7,51,150.949333234046,-33.8233392650922
"light",16,6,150.687991712774,-33.7495348095963
"dark",16,1,150.90275585956,-33.8150386439173
"light",8,4,150.959409544511,-33.8691824201258
"dark",7,50,150.725743006322,-33.7754590034507
"dark",15,42,150.789899101851,-33.7043165981923
"light",11,16,150.967268189396,-33.7758125990414
"dark",7,38,150.981908981423,-33.8334980809866
"light",8,16,150.937034271798,-33.7487402884646
"light",8,2,151.14024058841,-33.747120124931
"dark",16,24,151.046472168951,-33.8097076152971
"dark",8,21,151.069058374857,-33.8125870567389
"light",16,44,150.762125510975,-33.7164749592844
"light",15,47,151.062692271556,-33.8755205601327
"dark",7,59,150.652211918125,-33.7774051865458
"light",7,39,151.059792751208,-33.7885107902631
"dark",16,32,150.67806194913,-33.7677735536511
"light",10,56,150.650037647235,-33.7670781948542
"dark",8,46,150.731733786783,-33.7354573705919
"light",13,7,150.586794650173,-33.7850123766883
"light",8,7,150.94121517389,-33.8217838072836
"light",11,53,150.773266870539,-33.7377881969863
"light",15,33,151.226018813351,-33.8765963869194
"light",15,50,150.741294719435,-33.7467642889594
"light",7,41,150.75328077294,-33.7532597429556
"dark",12,42,151.18249134401,-33.8362387707907
"light",15,55,150.982597921767,-33.8767025421554
"dark",16,0,150.946082338173,-33.7430782568264
"dark",15,54,150.755298966318,-33.746386183157
"light",16,32,150.657517347927,-33.7647231663448
"dark",7,22,150.657440808827,-33.7982235922166
"light",7,33,150.896924915725,-33.9729218316952
"dark",15,49,150.911690214026,-33.8348521466849
"dark",16,3,151.235163137921,-33.8417336190347
"light",8,58,151.275676830576,-33.893440800334
"light",12,59,150.945130777557,-33.8762717206273
"light",9,53,150.616203269091,-33.7660589084038
"dark",7,0,151.119489759025,-33.7832473713743
"light",10,0,151.257473763683,-33.8682618424921
"light",7,54,151.004972073646,-33.7590307662568
"light",15,58,150.995315277473,-33.8071862583285
"dark",12,51,150.572030966057,-33.7751257588877
"dark",13,4,151.15957063492,-33.8676348336287
"dark",16,21,150.737052918183,-33.7731696866701
"dark",7,59,150.700788221774,-33.7733342891733
"light",16,25,150.948056344466,-33.9327358315088
"dark",15,58,151.182657899152,-33.8713130431797
"dark",15,41,151.169037867339,-33.8549010376235
"dark",11,9,151.111622696034,-33.7904686486455
"dark",11,11,151.223025098993,-33.8621941292008
"light",16,12,150.691939682817,-33.7345878532033
"light",16,3,151.176921507406,-33.8805516248036
"dark",15,46,150.98427119779,-33.8232080971159
"dark",7,35,150.930927523184,-33.9403759918538
"dark",15,40,151.077585388591,-33.7822548019324
"dark",14,26,151.188658034629,-33.8825293391048
"light",12,19,150.946613108288,-33.7395015082355
"light",9,7,150.953444492636,-33.872385022819
"dark",11,8,151.211133278337,-33.8676729741049
"light",11,58,150.737863615242,-33.7433903617296
"light",7,36,150.984506652847,-33.8238279921223
"light",11,40,151.020221982944,-33.79386628856
"dark",12,5,150.928244406077,-33.8045990998354
"light",11,46,151.002970956677,-33.786051676145
"light",7,31,151.176311125905,-33.886291013632
"light",8,21,150.888855421264,-33.9828604360777
"dark",15,50,151.044240321909,-33.807783914396
"dark",8,7,151.186353893526,-33.8859115096112
"dark",16,4,151.020404481701,-33.8122124895071
"dark",7,30,150.996303064885,-33.8260038537245
"light",8,22,151.298477267668,-33.8592108118949
"dark",16,13,151.17811886916,-33.8752430548564
"light",8,15,150.947022777975,-33.8923570470459
"light",12,50,151.040238603807,-33.8083540264889
"dark",7,18,151.287199131557,-33.8273150550662
"light",12,24,150.959199353616,-33.7812726327178
"dark",9,8,151.281515142328,-33.8572618752718
"dark",8,23,150.961431362051,-33.7988269982566
"dark",15,21,150.674618178856,-33.7451666270858
"light",15,41,151.010368485703,-33.8368068009755
"light",16,41,151.276847282594,-33.8198560479322
"light",7,51,150.943784935899,-33.7389424834204
"light",8,5,150.995649122032,-33.7325811950853
"light",15,33,150.764272816313,-33.6775731242424
"dark",7,25,151.011963854153,-33.7135436830802
"light",8,36,151.171226808343,-33.8398884855332
"light",12,17,151.224725410698,-33.8798980815361
"dark",16,13,150.923346319187,-33.8578702973255
"dark",15,60,151.046690128222,-33.841178604469
"dark",15,32,150.47585133881,-33.8120965828493
"light",15,58,151.188166979711,-33.8770238508908
"dark",8,0,150.626174722205,-33.7857448584956
"dark",7,32,150.586822135209,-33.7962547824859
"dark",7,37,150.935950404763,-33.7293308430205
"light",14,60,150.931754064482,-33.9581791387096
"dark",8,11,151.206181327259,-33.8824214201095
"light",15,26,150.921874510904,-33.9224953507871
"light",16,22,150.973108230763,-33.8483612890421
"light",10,36,151.133853181485,-33.8752742303747
"light",8,6,151.14968991622,-33.9051454777878
"light",16,7,150.69519794557,-33.7437229790935
"light",8,21,151.169902187213,-33.9011088040779
"light",12,4,150.905075356932,-33.9692398393365
"light",7,39,150.941152175221,-33.8212781172736
"light",8,13,151.231151699775,-33.8742307514844
"light",8,0,150.68381092511,-33.7694427385197
"light",15,18,150.648922307365,-33.7798910087752
"dark",12,53,150.906446726479,-33.6936491944096
"light",15,15,150.691371501524,-33.7611218188936
"dark",16,50,150.950442978416,-33.8363288545718
"dark",15,37,150.948500378411,-33.8112475999409
"dark",15,56,151.248208044557,-33.9156526555132
"light",7,23,150.888661426361,-33.8230004835374
"dark",15,59,151.120242080383,-33.8062582188457
"light",15,34,151.132602124927,-33.8765567556024
"light",13,57,150.758440341996,-33.7365623998812
"light",15,47,151.038593499823,-33.8091963181877
"dark",15,52,151.035556175512,-33.8269877610186
"light",16,8,150.956814730075,-33.8117184700619
"dark",16,8,151.182969244729,-33.8571956546839
"light",15,47,150.671375235539,-33.7868737730954
"dark",16,20,150.642143767341,-33.7805619840525
"dark",7,58,151.183105139218,-33.8929654615372
"dark",15,39,151.020885613973,-33.7278662106606
"dark",15,44,150.590248223267,-33.7855607214232
"dark",16,26,150.947355579323,-33.7228014015643
"dark",11,31,151.103858382995,-33.700774300181
"dark",15,32,150.992400432276,-33.7843055361278
"light",12,15,151.052690997259,-33.8003583239552
"dark",7,48,150.692681816404,-33.7578470930977
"light",15,47,150.922005509011,-33.9111969081598
"light",15,26,151.039057861121,-33.8159605040256
"light",8,8,150.697005791848,-33.7755890935366
"dark",15,57,151.112904640995,-33.8596742668314
"dark",15,41,150.966174292293,-33.8429974507437
"light",8,35,150.578346037675,-33.7956844264403
"dark",8,10,150.985224170367,-33.8121629599215
"light",7,40,151.158198403721,-33.8911982074812
"dark",7,46,151.099221797953,-33.764014721706
"dark",11,29,150.900117543556,-33.8639218739091
"light",15,50,151.050836496907,-33.7905844832435
"light",16,11,150.676036171977,-33.7454749263922
"dark",8,23,150.611693603456,-33.7773721185715
"light",16,48,150.666139274275,-33.7792760975857
"dark",7,27,150.773093718216,-33.7164884114534
"dark",8,10,150.873743604303,-33.694268190388
"dark",15,27,150.730002215961,-33.7236034559489
"dark",7,58,150.954011707415,-33.8352989278327
"light",8,9,151.275112588442,-33.8624083511701
"dark",16,16,150.772874263193,-33.7409566402177
"light",7,59,151.20952177662,-33.8590988972532
"light",12,23,150.767298336184,-33.7281160851567
"dark",15,24,151.092013249546,-33.7889353535087
"dark",10,59,150.713205385444,-33.7762560710888
"light",15,43,150.976982606534,-33.8285468904919
"light",7,34,150.814401759905,-33.7371493990888
"light",16,4,151.204443583671,-33.8432414154279
"light",7,55,151.063901882025,-33.7226044591847
"dark",8,30,150.9831793019,-33.6926952550628
"light",7,58,150.958434704014,-33.7448106085846
"light",7,50,151.086807812545,-33.8145678377673
"dark",11,52,150.936189762433,-33.9198356595047
"light",16,29,151.011587679379,-33.7212292674521
"light",8,28,151.041291905453,-33.7956951478609
"light",12,6,150.662335140716,-33.7507664953235
"dark",7,52,151.214628677431,-33.8955010244083
"dark",8,24,150.975300825493,-33.8070473577468
"light",15,59,151.029061168382,-33.7048172294343
"light",15,46,151.168591223538,-33.8727632937383
"light",12,10,150.968803072724,-33.8080596425543
"dark",16,18,150.955306737725,-33.7340021784041
"light",15,1,150.896945055417,-33.9749765042337
"light",11,22,150.935923696793,-33.9306731801226
"dark",16,40,151.219499107113,-33.905872866809
"light",16,17,150.958963233442,-33.8380326862547
"dark",13,8,150.915892508979,-33.9569623167151
"light",8,59,151.124470801475,-33.8883100306267
"light",11,13,150.928219047096,-33.8847838446523
"light",7,58,151.130517756826,-33.8780914830134
"light",14,55,150.979680072164,-33.8504488624802
"dark",15,9,150.795061566954,-33.713326089105
"dark",7,34,150.69159165824,-33.7320695663094
"dark",16,11,150.741525259349,-33.7417374351829
"light",11,15,150.975651468094,-33.8159807232695
"dark",8,31,151.039968682684,-33.8088536598787
"dark",14,58,150.949963118705,-33.9678872269185
"light",16,55,151.088552710095,-33.8147815804167
"dark",16,16,150.557223517103,-33.7792253112223
"dark",15,48,151.024657483452,-33.7174851483507
"light",7,24,151.228411087351,-33.8596949887152
"dark",16,15,150.554543727241,-33.793660880651
"light",11,27,151.206035563627,-33.8958440053213
"light",8,35,150.78441901039,-33.7170869595327
"dark",15,37,150.965786936318,-33.8037417613925
"light",16,15,151.17117032798,-33.8496006387256
"dark",8,35,150.898738047036,-33.8506890550317
"dark",6,49,151.298647920475,-33.8905927304001
"light",15,18,151.227295146482,-33.8416809872074
"dark",15,53,151.033044904259,-33.7739516487262
"dark",7,51,151.111638461786,-33.8931314927931
"light",15,34,151.191129893133,-33.8787327305996
"light",8,14,150.664410207869,-33.7450009441645
"dark",16,24,151.138176274694,-33.9081276689946
"light",15,50,150.965307211421,-33.8294232091523
"dark",16,3,150.985568785241,-33.8621389380323
"light",12,21,150.990005475753,-33.7421431833857
"light",15,56,150.999683222171,-33.7889865892375
"dark",16,28,150.705632288844,-33.7397353812026
"dark",7,20,151.073408647684,-33.8221661000453
"dark",15,39,150.682409291758,-33.7355895457746
"dark",16,15,151.131659849804,-33.8616288278441
"light",8,15,150.768669403829,-33.8005025781571
"light",11,27,150.961889599676,-33.8389367088885
"light",7,38,151.184122450735,-33.7959054119994
"light",16,16,151.233224028286,-33.8760389132976
"light",12,2,150.755538783554,-33.7448447241125
"light",11,44,151.059603080894,-33.8059349197928
"light",10,45,151.034734719999,-33.8356851829853
"dark",15,27,150.807097886021,-33.7079497465796
"light",7,42,150.669277728818,-33.7625284319959
"light",15,1,150.988808290695,-33.8073482191826
"dark",11,44,150.964378694672,-33.7295914219745
"light",7,10,150.612162875082,-33.7893464821779
"dark",15,12,151.146656055169,-33.8722645051349
"dark",16,30,150.940995542698,-33.8427429616532
"dark",8,15,151.08351969512,-33.7693634840827
"light",7,40,151.024658509561,-33.8388385410252
"light",15,31,150.982860599759,-33.8495993840835
"dark",16,12,151.04185969294,-33.7510138428513
"light",15,21,150.95463401327,-33.8353073743547
"light",16,40,150.980537879702,-33.814127548548
"dark",15,41,151.122239115301,-33.8576158240837
"dark",6,53,150.913174034054,-33.7363926229015
"light",12,24,151.031176517252,-33.7990932671564
"light",8,4,151.29142601329,-33.8605528143082
"dark",15,48,150.948798559571,-33.8851901150569
"light",15,45,150.89060487108,-33.779863761524
"dark",7,29,151.049177509088,-33.8042774875272
"light",8,9,150.738947462725,-33.7452782804867
"light",8,12,151.05219179658,-33.8284526025277
"light",8,13,150.928579388614,-33.8887067050003
"light",16,18,150.948381639639,-33.8308589831859
"light",8,8,151.265871382085,-33.9008227557364
"dark",8,27,151.046098986591,-33.818332866434
"dark",11,24,151.14993094668,-33.8366166529646
"dark",12,48,151.037990958425,-33.8315934389446
"light",7,45,151.081537814173,-33.7858279509
"dark",7,57,150.71276798794,-33.71740433609
"light",15,41,151.106130572498,-33.7754192825267
"dark",8,9,150.949184828934,-33.8290779969605
"dark",8,22,150.93462819106,-33.8215261118646
"light",16,10,150.72238376731,-33.740136308972
"light",12,33,150.924566374179,-33.8692198177957
"dark",16,10,151.001763454753,-33.7681126369353
"light",16,9,150.76230537812,-33.7106124570435
"dark",15,23,151.053240083927,-33.7376373050959
"dark",13,16,150.964108924689,-33.7825861513198
"light",15,48,150.888035208721,-33.8113030609676
"dark",16,1,151.044729040037,-33.9032811779965
"light",9,27,151.019298723383,-33.8305810001159
"dark",15,19,151.261340884,-33.8950834422389
"light",15,28,150.95912956795,-33.8557118991819
"light",8,29,150.921388914869,-33.8887556075007
"dark",15,32,150.979906326582,-33.8079378332947
"light",17,17,150.994175196075,-33.805253716231
"dark",8,8,151.205901291883,-33.8629314919171
"light",16,38,151.248135710188,-33.8553179280609
"light",15,49,150.926618045519,-33.7556938306232
"dark",12,13,151.198153994649,-33.8693763072235
"dark",6,31,151.269668471669,-33.8699449513014
"dark",7,56,151.021780256278,-33.8227805498136
"dark",12,42,150.954355217804,-33.8622378495112
"light",8,28,151.341271605236,-33.8797857825906
"dark",16,57,151.016658926812,-33.8102479863475
"light",11,18,150.874788309092,-34.005819118392
"dark",8,7,150.892317925324,-34.037596375473
"dark",16,11,151.089384179114,-33.7920982961471
"light",15,30,151.050903402395,-33.7451774947226
"dark",8,26,150.711799359171,-33.7704254618026
"dark",7,39,151.2876882849,-33.847209652746
"light",15,59,150.677460133783,-33.7811284324659
"dark",8,23,150.946564197385,-33.8405483708804
"light",7,4,150.9948965991,-33.731943549042
"dark",16,16,150.691432672538,-33.7317913375165
"dark",7,11,150.78022771739,-33.736679770374
"dark",15,55,150.534920564783,-33.8136615904793
"light",10,34,151.026324130419,-33.8474913073376
"dark",16,29,150.860910458838,-33.7062683598244
"light",7,25,151.274729003067,-33.8395757804747
"light",7,26,151.116985289586,-33.8797220000639
"light",16,18,150.684688066013,-33.76926301327
"dark",7,12,151.180596626282,-33.8790348441129
"light",13,37,151.189958567361,-33.8318032431986
"light",11,3,150.948568751043,-33.7332141630268
"light",15,50,151.408265066454,-33.935107328618
"dark",15,41,150.957016099913,-33.9287582673779
"light",15,54,151.042524880294,-33.6975948104238
"dark",11,24,150.974492268134,-33.8275436134392
"light",8,29,151.097007378893,-33.7392373982631
"dark",16,15,150.92639754368,-33.9015286845923
"dark",15,59,150.932027305577,-33.8829551806152
"dark",15,38,150.963019621183,-33.8225600204328
"dark",16,16,150.937195872553,-33.7507301440067
"light",7,33,151.083581058338,-33.7127054586636
"light",16,24,150.717858148969,-33.7681005935608
"dark",8,11,151.169246622353,-33.879704966869
"light",15,35,151.15710407676,-33.8616012146787
"dark",12,7,151.272117691609,-33.8529104206085
"light",12,27,150.773849729681,-33.6965176195977
"light",8,14,151.016371727479,-33.7406026616686
"dark",16,23,151.010713151538,-33.8322846324785
"dark",8,4,151.113865861988,-33.7820810614234
"light",7,46,150.954335943318,-33.8776726328732
"dark",8,44,151.15354756178,-33.8829437041991
"dark",16,1,150.871044415334,-33.9665490624771
"light",15,38,151.011554499054,-33.8905535207374
"dark",7,19,150.529288451746,-33.7800713763199
"light",15,31,150.93068059736,-33.82631985593
"light",15,42,150.806447687789,-33.809930587544
"light",8,22,150.960013866368,-33.7503595900359
"dark",15,9,151.034292872792,-33.798632012182
"dark",7,40,150.956151628103,-33.8227640830679
"dark",8,1,151.287980286683,-33.8950201470276
"light",12,51,150.969009849333,-33.7447484924367
"dark",7,53,151.170121542076,-33.8744180647795
"dark",12,4,150.990475864057,-33.7883040912797
"light",15,60,150.936365616213,-33.7720906351969
"dark",16,9,150.925858259216,-33.9120151503726
"light",11,10,150.992445404198,-33.8310833132066
"light",16,43,150.90317288234,-33.8242702908881
"light",16,15,150.956330242847,-33.7863607906107
"dark",15,57,151.010570965385,-33.7141998116922
"light",12,3,151.246432831366,-33.9148716122411
"dark",12,20,150.781624832122,-33.6883624677483
"dark",15,33,150.904841683169,-33.905906158517
"dark",8,7,151.166421333699,-33.8272658202136
"light",8,28,151.243558413821,-33.8879767839098
"dark",13,22,151.152073731055,-33.8531355057959
"dark",16,18,151.22058300406,-33.867134959514
"light",7,21,151.267245059333,-33.8544236710901
"dark",10,50,151.228495626575,-33.8533733916786
"dark",16,38,151.246833617383,-33.8678835461172
"dark",12,34,150.882630381446,-33.7380495832229
"dark",15,60,150.923600741043,-33.9269103265799
"dark",7,32,150.646385210948,-33.7991047517547
"light",15,53,150.911774704238,-33.8244437363191
"dark",15,45,151.155053499152,-33.8435242025281
"light",7,27,150.986386033605,-33.7292254367403
"dark",16,3,150.700692141477,-33.7224373579212
"light",8,3,150.911246644286,-33.8209483889959
"light",16,5,151.007201062151,-33.8224223870599
"light",8,19,151.245143515506,-33.8465665024249
"light",12,14,150.744852738739,-33.7275922334901
"light",15,34,150.998966605007,-33.9664693909118
"dark",10,18,150.886674568934,-33.9800584086037
"dark",15,54,150.877810522679,-33.9797242067625
"dark",16,8,151.004946458127,-33.8165556534998
"dark",8,8,150.937609991751,-33.9156157926127
"dark",8,4,150.774965365316,-33.8054440427102
"dark",8,48,150.932293457863,-33.8459783318023
"light",7,42,150.693534552558,-33.8363631070926
"light",16,9,151.022513252613,-33.8244761722383
"dark",15,28,151.141625458019,-33.8563285839811
"light",16,50,151.011229721094,-33.8229391785823
"light",15,16,150.943262322989,-33.8953638106255
"dark",7,23,150.72418997071,-33.7524374202351
"light",8,53,150.928620823075,-33.9642745242963
"dark",14,45,151.042207007031,-33.8111043379854
"dark",15,1,150.75817454887,-33.7090007824918
"dark",7,31,151.01012831225,-33.7197293937001
"light",6,52,151.024415723899,-33.7767436841095
"dark",15,14,150.975256275932,-33.8742078375473
"dark",15,5,150.94951363383,-33.8617977503181
"light",11,20,150.984929507644,-33.8310035395713
"light",15,16,150.902940632282,-33.9227052000668
"light",16,12,150.924235566835,-33.8126472060384
"light",15,59,150.99631117134,-33.7417902057567
"light",16,3,151.152227231266,-33.8109988183738
"dark",7,56,151.136403008332,-33.771205358408
"dark",10,44,150.9127148858,-33.7771539768804
"light",13,15,150.730055008927,-33.7006760214975
"dark",16,11,151.304133229753,-33.9035251263819
"dark",8,7,150.95499840445,-33.8423952335599
"dark",7,24,151.01161925752,-33.8167533889434
"light",16,14,151.182767749212,-33.8745088692435
"dark",10,45,151.195009776127,-33.8473961065374
"light",15,40,150.924502232021,-33.8915144441767
"dark",7,31,151.042311391215,-33.8021165810232
"light",15,14,150.903436120161,-33.8264793336163
"light",8,7,151.016599345467,-33.8218324415683
"light",7,60,150.795129254147,-33.7533534331792
"dark",15,38,150.750573121638,-33.7490362479065
"dark",7,57,150.991840853214,-33.8135584791923
"light",7,40,150.762424026733,-33.7385507670886
"dark",8,26,150.760646106874,-33.7013523082776
"dark",14,52,150.944428158133,-33.854990698881
"light",16,8,150.713378293892,-33.7184198104917
"dark",15,38,150.691701627514,-33.7510912228541
"light",8,11,151.145704733099,-33.9376001206629
"light",12,3,151.033747228459,-33.8041032738018
"dark",7,41,150.978889122264,-33.8279379946188
"dark",16,11,150.969234842686,-33.8811941328021
"dark",15,1,150.836422620477,-33.8246987412132
"dark",16,11,151.084814135183,-33.8005522148881
"dark",8,12,150.699188489657,-33.760624933069
"light",7,31,151.038408324866,-33.9344704730656
"dark",15,37,150.778455831271,-33.7650521165373
"dark",15,56,151.268023230948,-33.8904127429824
"light",15,31,150.539225207193,-33.677959827827
"dark",16,8,151.039937168253,-33.8312994075658
"light",7,33,151.005662410528,-33.7246785142178
"dark",16,31,150.985544992343,-33.804456269975
"light",11,42,150.770816503589,-33.7349144697059
"light",8,17,151.021564117289,-33.8328345277112
"light",15,27,151.245457364938,-33.8567198654392
"dark",15,33,150.953694848803,-33.8471912929814
"dark",15,50,150.945300584966,-33.8472794512614
"light",8,6,151.221539893826,-34.027457528086
"dark",16,34,150.912194854005,-33.9069199496473
"dark",7,23,151.206411723995,-33.859412634356
"dark",16,17,150.948553149162,-33.8875851917107
"light",15,22,150.940280536229,-33.8048951885541
"dark",7,49,151.259400752575,-33.8488557290552
"dark",16,33,151.18477633855,-33.8843605857046
"light",16,3,150.839302155093,-33.7018208302037
"light",12,32,150.994344845041,-33.7140547212824
"light",10,34,150.554896268414,-33.8122166269541
"light",15,40,150.931880911821,-33.730014759688
"light",15,6,150.700057390911,-33.7500701703986
"light",7,24,151.189114301949,-33.8494717918688
"dark",8,7,151.269219386499,-33.8633769078551
"dark",7,46,151.221891305708,-33.8511777399539
"dark",16,58,151.142214560161,-33.8608472608529
"light",7,33,150.741423345731,-33.7595877156645
"light",14,57,151.005592966384,-33.8083870160615
"light",11,58,151.336597117431,-33.879052347844
"dark",16,35,150.683039803625,-33.7661854933016
"dark",17,3,151.133112317117,-33.8670233531429
"dark",15,32,150.936832493325,-33.8404574591443
"dark",12,29,151.028474708837,-33.8089253868654
"light",8,15,151.33757729807,-33.8645658695445
"dark",7,7,150.957717717939,-33.7980933912098
"light",15,45,150.745908159271,-33.7654159787884
"dark",7,36,150.924087898825,-33.9156075847663
"light",17,4,151.00467296898,-33.8242366218829
"dark",15,30,150.866175312333,-33.8434393260397
"dark",15,49,150.750661841943,-33.764225291778
"dark",7,34,151.057295599645,-33.7375775451788
"light",15,45,151.234613378187,-33.8494287353861
"light",12,1,150.776045520441,-33.7437114629396
"dark",8,8,150.947904619328,-33.9204031467366
"dark",17,5,151.008843240395,-33.7630165403698
"light",12,44,150.594772258758,-33.7914621686286
"light",13,1,151.044561959806,-33.806280540151
"dark",15,53,150.670207776769,-33.7625889035256
"light",9,5,151.315652423837,-33.8856646046919
"dark",16,28,150.972400510243,-33.8275346360666
"dark",7,42,150.923543670463,-33.7947615790504
"light",15,9,150.675683772512,-33.7785597849177
"dark",8,36,150.882164113003,-33.8184431766225
"light",16,8,150.744818273307,-33.7236848026391
"dark",7,51,151.265568823771,-33.8688606806809
"dark",7,13,150.98225660157,-33.7414647372298
"dark",15,34,151.008429112031,-33.8104148808704
"light",13,53,151.017929358179,-33.8034414385048
"light",8,15,150.665552948067,-33.7331609315015
"dark",13,3,150.790316679157,-33.7052972490974
"dark",7,56,151.034197770982,-33.8696274528279
"dark",15,41,151.093917413391,-33.7267879987431
"light",11,17,150.842537681273,-33.6902702930855
"dark",8,23,150.78818101214,-33.7606527629464
"light",7,32,150.923673060365,-33.8725400542064
"dark",15,55,150.956097983323,-33.8609847272702
"light",11,6,150.700586011841,-33.7238652932656
"light",12,59,151.20449747993,-33.8563588248299
"dark",16,6,151.28204636546,-33.8934567805143
"light",15,30,151.189491635773,-33.8612285264716
"light",10,45,151.056401591291,-33.7938574930917
"dark",15,58,150.803105300332,-33.7249513712345
"light",13,14,150.695867720145,-33.7238607145095
"dark",15,27,151.197707516921,-33.8800547788316
"light",11,35,151.165248263625,-33.8751009910087
"dark",8,31,151.030104119528,-33.8381729281001
"dark",8,49,150.59902096475,-33.7994140046128
"dark",16,14,150.944442341813,-33.7318524666256
"light",7,27,150.543898125541,-33.8013035967283
"light",16,52,150.830564013221,-33.7194210680627
"dark",14,10,151.189510863686,-33.8544779286918
"dark",16,1,151.021403756312,-33.8241871200138
"dark",16,22,150.907748829738,-33.866787273397
"dark",8,20,151.210741335918,-33.8935453794542
"light",11,13,151.044932215455,-33.8442946859341
"light",15,42,151.167897121221,-33.8345462437809
"light",16,9,150.990091684157,-33.7161785394811
"light",13,24,150.598387291764,-33.7800525827341
"light",7,25,150.917312749546,-33.9851845973769
"light",12,17,150.685161826975,-33.7737360798593
"dark",12,37,150.99879473942,-33.7407437790773
"dark",16,28,150.53211399502,-33.8055523723813
"light",7,23,150.972899683491,-33.7326062667341
"light",8,28,150.70694069903,-33.7363790987924
"light",15,56,150.778176086659,-33.7294817885111
"light",10,34,151.100387770344,-33.7307315175223
"light",13,4,151.013677248732,-33.7515798970867
"dark",16,34,150.716743827087,-33.7222106511054
"dark",15,36,150.927468499949,-33.931942317362
"light",15,28,151.239544797097,-33.9138613130109
"light",8,51,150.637659040283,-33.7725400757743
"dark",16,13,151.179665827185,-33.8569200862716
"dark",14,54,150.928539514684,-33.9499509908473
"dark",15,60,150.826287060566,-33.6881764052948
"light",11,34,151.248172552019,-33.8902459200795
"light",7,0,151.043560476145,-33.8272063114885
"light",16,31,150.467132629437,-33.7523874262278
"dark",15,43,151.023289022023,-33.811745447839
"dark",7,47,150.94296177942,-33.9249119998522
"dark",16,3,151.119215256224,-33.9709817382602
"light",15,49,150.703791460015,-33.7605249262929
"dark",7,29,151.014478839511,-33.7417156762107
"dark",7,33,150.974684979176,-33.8300285645027
"dark",8,4,151.046906387858,-33.7892684192817
"dark",7,56,151.169331233888,-33.8562372022779
"dark",7,48,150.913525598886,-33.9403655612222
"dark",16,25,150.973718270712,-33.8390832251277
"light",8,1,150.692626886247,-33.7501546647088
"dark",16,31,151.206821618898,-33.8784390996411
"light",7,32,151.007539852178,-33.810033432863
"dark",16,28,150.982494935611,-33.7969580931802
"dark",16,12,151.163250265343,-33.9017964719296
"dark",8,31,151.006837132511,-33.7878161825157
"light",13,16,151.259769401008,-33.8552295140577
"dark",12,33,151.180076644613,-33.8728051007322
"light",16,10,151.037691647094,-33.8058601732899
"dark",16,36,151.404647107084,-33.7932471206907
"light",15,42,151.200420675007,-33.8345550577809
"light",15,53,151.199660470863,-33.8728023233515
"dark",15,19,151.215273111263,-33.8244515497113
"light",9,11,150.903201984879,-33.8624093595859
"light",13,5,150.763675273594,-33.7192473994226
"light",16,50,150.981752034105,-33.7976612928356
"dark",15,3,151.051791972564,-33.790444224731
"light",15,4,150.906984613979,-33.9417614974092
"light",15,48,151.187917799514,-33.8448690738126
"dark",15,21,150.89280106124,-33.9762307446979
"dark",7,37,150.925854882545,-33.9107510498088
"dark",8,4,150.921554977107,-33.9296538350979
"light",8,22,151.219970538608,-33.8674899421286
"light",7,51,150.966170945217,-33.819745237938
"light",16,19,151.087358804034,-33.8117258222465
"dark",8,15,150.939116095389,-33.7432758804404
"dark",15,43,150.968104960219,-33.7969516024056
"light",13,26,151.189742937157,-33.8562651760146
"dark",14,40,151.022584773338,-33.7846781732439
"dark",7,44,150.912825319941,-33.9343002181825
"light",8,21,150.91143298191,-34.0146404487057
"light",7,41,150.574442009328,-33.6510434486148
"light",13,4,151.031285170954,-33.7616122988031
"dark",16,14,151.179292529049,-33.8456860994699
"light",15,19,151.066910009344,-33.7307300356229
"dark",16,25,150.870625956304,-33.8605185877065
"dark",8,24,151.067201526011,-33.7082997558186
"dark",16,26,151.135819959437,-33.941190901775
"light",7,59,151.182185442106,-33.8405392436883
"light",16,28,150.998046026631,-33.7954432561554
"light",16,42,150.683165512651,-33.732584286662
"light",9,21,150.959921264249,-33.8939581346355
"light",14,44,150.641854419982,-33.7906621361731
"dark",16,14,150.886614727737,-34.0268908302525
"dark",7,35,151.1188363811,-33.9025949430375
"dark",13,5,150.781971787184,-33.7310905083943
"light",8,9,150.684421480747,-33.746711352709
"dark",16,44,150.75251204241,-33.7240230276976
"dark",15,47,151.110024915448,-33.8066608843371
"light",15,30,151.260775628073,-33.8974034705629
"dark",16,43,151.054504581575,-33.790309736216
"dark",8,31,150.798268661145,-33.6805032401363
"light",15,16,150.945450719221,-33.844498912419
"dark",15,48,150.941664466012,-33.7379749687973
"dark",17,8,150.779828335763,-33.7311255204936
"dark",15,9,150.914361763439,-33.9162475280676
"dark",15,31,150.626069889826,-33.7637943870181
"light",11,15,151.158315661035,-33.8409894512425
"dark",8,11,151.221014192587,-33.8618174397975
"dark",7,38,150.950126898478,-33.8229538421125
"light",16,22,151.02556085459,-33.7918560954651
"light",16,10,150.645077007419,-33.773718612377
"light",7,51,150.977228753709,-33.751827695142
"light",15,23,151.104736253916,-33.788901311544
"dark",12,36,150.763340364489,-33.6617075805569
"dark",8,41,150.905092331194,-33.9512887102917
"dark",8,29,150.919951179514,-33.9369969399325
"light",16,38,151.101703120182,-33.7902761924888
"dark",16,29,150.973282342387,-33.7102087189797
"dark",15,35,151.342960030847,-33.8177757831547
"dark",7,48,151.212264008655,-33.8938116364543
"light",11,41,150.946529555451,-33.791314218342
"light",8,24,150.912571730288,-33.8978782003168
"light",13,41,151.237855679596,-33.8936723325819
"dark",7,31,151.04858473752,-33.7230366587791
"dark",15,54,151.021356112345,-33.791968783705
"dark",16,10,151.239467782895,-33.8409877762081
"light",15,46,151.053859548296,-33.8200072222032
"light",12,52,151.15040370437,-33.880686906872
"dark",7,42,151.204728547798,-33.865032262938
"light",16,20,151.141186590064,-33.7675634127333
"light",10,59,150.963702388376,-33.8244880169644
"light",15,48,150.678464875675,-33.7850472260743
"dark",12,42,150.61167821692,-33.7522862355402
"light",15,50,151.068128704533,-33.8557208830015
"dark",16,26,151.113180879021,-33.7827378672766
"light",13,8,150.994762428128,-33.8083518408823
"dark",12,52,150.938034608297,-33.9199508162402
"light",16,9,150.975846523509,-33.7810690524071
"dark",16,43,151.006428894472,-33.8040704419889
"dark",12,36,151.268278511794,-33.8596299825422
"dark",9,5,150.608523259987,-33.7998711198945
"dark",16,26,151.053010785525,-33.7934792112571
"dark",15,57,150.728755238599,-33.7463010030111
"dark",8,10,151.286319351015,-33.8823845428825
"light",16,2,150.992306630453,-33.8156758876482
"dark",7,34,150.627928608215,-33.7867331200037
"dark",16,27,151.036881969069,-33.8439017584831
"light",8,21,150.580002929001,-33.8133942502583
"dark",15,28,151.206494836569,-33.8368560693765
"dark",12,22,151.042915354651,-33.7317399002714
"dark",7,39,150.743446651374,-33.7413660571536
"light",15,40,150.93803465475,-33.8200856862461
"dark",7,46,150.607629173365,-33.7781822752485
"light",6,42,150.906207729849,-33.96743155358
"dark",15,20,151.171379845516,-33.884886748956
"light",7,49,151.202563627477,-33.8693384365877
"light",15,39,151.215637303668,-33.8340607884076
"dark",8,4,150.966420434452,-33.8129488313824
"dark",15,39,150.692861001749,-33.7351978081703
"dark",7,2,151.204602564401,-33.8860319057052
"light",7,10,150.915305902418,-34.009050567962
"dark",15,48,151.175753520027,-33.8841722935206
"light",16,2,151.177828206127,-33.8735106282635
"light",16,27,151.060797199293,-33.7130830178861
"light",16,35,150.6728163164,-33.7480099556164
"dark",11,25,150.931135532615,-33.9159313051936
"light",7,39,150.856480530578,-33.8620058927184
"light",11,17,151.125688028036,-33.8975633056865
"light",8,23,151.057775399171,-33.7900045867574
"dark",8,7,150.773498235142,-33.7538129517415
"light",15,13,151.041513202649,-33.7218298264618
"dark",15,46,150.962289293237,-33.8253988902841
"dark",8,11,151.005249503813,-33.808146771426
"light",8,4,151.333092781544,-33.9057486586911
"dark",16,12,151.041170868559,-33.7093392111651
"dark",15,57,150.676503246091,-33.7761101309216
"light",7,38,151.034791435164,-33.7173822742307
"dark",15,56,151.224262116618,-33.87705920777
"dark",12,16,151.205552229,-33.8591168836668
"dark",8,8,150.7023021915,-33.7859566069623
"dark",7,11,150.705493283904,-33.7964380848609
"dark",8,7,150.903827146808,-33.9982379655504
"dark",7,43,150.95235588473,-33.8313005203663
"dark",16,18,151.047735292814,-33.7279588230258
"dark",11,50,150.649766212154,-33.7577439251526
"dark",15,49,151.039411536225,-33.8044305659963
"light",7,38,151.22500138515,-33.8837963210864
"dark",15,18,151.189117425001,-33.8501959260079
"dark",16,40,151.137100831631,-33.875552455097
"dark",7,39,150.906224186734,-33.7201436815765
"light",7,24,150.719230462377,-33.7685998427723
"dark",8,26,151.008352436336,-33.8113700715815
"dark",7,31,150.961846744355,-33.8381682311605
"dark",15,31,150.721544967707,-33.7202330267319
"light",15,37,150.726204694775,-33.7409202344508
"dark",8,29,151.011683805891,-33.7795314738544
"light",7,31,151.201632131194,-33.8970478372422
"light",12,55,151.15064151343,-33.8446818870136
"dark",17,20,150.650228832967,-33.7575543143624
"dark",16,13,151.199767358087,-33.821320756683
"light",7,31,150.726501480811,-33.7326062077896
"light",16,7,151.006567126946,-33.8210843272457
"dark",15,57,150.833159026844,-33.7156380454948
"dark",16,23,150.807490654177,-33.7256760681912
"light",15,31,150.902484652475,-33.8365804134176
"dark",16,34,150.98825683574,-33.7921051704129
"dark",12,39,150.888232613946,-33.7336299484702
"dark",16,35,150.634630862678,-33.7513623985214
"light",8,39,150.786318108529,-33.7192400880021
"dark",12,34,151.024727390243,-33.7354680149182
"dark",16,44,150.864676092065,-34.0153447759108
"light",7,43,151.027531896608,-33.751643675525
"dark",8,52,151.035501600852,-33.7806328327933
"light",7,23,150.65985917286,-33.7563170090715
"light",13,13,151.035152469048,-33.8075041010158
"light",8,8,150.854175402688,-33.8333721380257
"dark",7,20,151.193649477862,-33.9177968756948
"dark",11,21,151.269655863713,-33.8685680104891
"light",10,48,151.047526199664,-33.7973244824681
"light",8,1,151.043045249363,-33.8294908513645
"light",17,8,150.966683802481,-33.9249372320237
"light",15,27,151.169518544637,-33.8452896918509
"light",13,15,150.674068471408,-33.7340555556958
"dark",17,5,150.928635743477,-33.9114549999859
"dark",16,28,150.885357773477,-33.6635970598164
"dark",8,9,151.073352394607,-33.8304563367473
"light",7,50,150.876359694736,-34.0570645959824
"dark",17,8,151.261721310515,-33.8324841084682
"light",15,41,150.998376870976,-33.8385520747462
"dark",17,4,151.222441970371,-33.8649664826278
"dark",11,47,150.647629671422,-33.781152659634
"light",15,50,151.246335817851,-33.8587035711376
"dark",7,52,150.594013489014,-33.7831424836528
"light",16,2,150.943107173206,-33.8190310785235
"light",8,60,151.03928068227,-33.7962311737319
"light",16,36,150.971533896119,-33.839139272336
"dark",15,40,151.214152448689,-33.8899933929439
"light",15,39,151.034713375841,-33.7970693575475
"light",8,15,151.229431805791,-33.8802455471417
"dark",12,9,150.95200925706,-33.8419772491989
"dark",8,34,150.684085916688,-33.7630670064533
"light",16,12,151.313325088905,-33.867953808765
"dark",15,36,150.943155258511,-33.8303853974089
"dark",7,34,150.729449314297,-33.7366873374185
"dark",16,27,151.189419784299,-33.8884229790611
"light",8,4,150.655177242732,-33.777309966626
"dark",8,29,151.231494681348,-33.8650663457557
"light",8,48,151.017428607748,-33.7993189066323
"dark",12,2,151.200187000193,-33.8883995633479
"dark",12,8,150.933704717718,-33.9047762571533
"light",13,3,150.920810945018,-33.9061953407394
"dark",8,20,150.925937032144,-33.8792000066838
"light",16,34,150.996989628774,-33.9279305875501
"light",16,39,150.924666611504,-33.8480289939503
"dark",16,0,150.937314739043,-33.71354478225
"light",8,54,151.236497412395,-33.8496456748793
"light",8,52,151.070349910363,-33.8078079796994
"light",8,16,151.000027895284,-33.8331292339688
"dark",9,42,151.320254650368,-33.8918162371188
"light",8,26,151.264364810201,-33.862536160171
"light",16,5,150.884398931731,-33.9713244662621
"dark",16,23,150.599598990262,-33.7924340379447
"dark",14,30,151.027178837119,-33.7034631909526
"light",15,37,151.000531182675,-33.8330078844932
"light",8,10,151.01219535853,-33.8322613609379
"dark",16,13,151.186223451522,-33.8888341661708
"dark",15,31,151.257107870414,-33.8332115136255
"dark",16,25,151.051854916444,-33.7998295417849
"dark",11,22,151.094877410288,-33.8242637415936
"light",15,37,150.817929808133,-33.7209291121885
"dark",16,20,150.777888039737,-33.722335559759
"light",16,1,150.632287363958,-33.7266046484498
"dark",15,53,151.290145586412,-33.8761822394392
"light",12,16,151.117436334618,-33.7460121959662
"dark",15,22,151.003256601682,-33.8342677389599
"dark",13,40,151.270364116795,-33.88285462003
"dark",15,49,151.238185108088,-33.8919054154335
"light",15,50,151.175059283892,-33.8479360686298
"dark",15,32,151.157554795278,-33.8577312066696
"dark",15,5,150.883341036338,-34.00778695892
"light",13,10,150.686784505024,-33.7512117135131
"dark",7,57,151.269465283706,-33.8490168256687
"dark",8,10,150.942736668313,-33.8341183374415
"light",8,53,150.900541412484,-34.0042390363457
"dark",16,44,151.028408098513,-33.7397374296923
"dark",8,14,150.806733611738,-33.7564914827918
"light",16,13,150.676536932324,-33.7528045305031
"light",8,5,151.049409190407,-33.8232013906385
"light",15,29,151.038729558981,-33.7696102947128
"dark",8,7,150.648540616911,-33.7862297670688
"dark",16,37,150.900534738045,-33.9665021330726
"light",15,56,150.922358579974,-33.8276577580983
"light",8,9,151.231622605728,-33.8965578005977
"light",7,16,151.218592269642,-33.8705446233368
"dark",15,53,150.917819284603,-33.6909488449451
"dark",8,12,150.983353633818,-33.8004779260125
"dark",11,44,151.119192781018,-33.7710360245079
"light",9,49,150.980210204384,-33.8880052123036
"light",15,17,151.078498513291,-33.7069863380522
"dark",12,55,151.029274923283,-33.7825519729461
"light",8,26,150.712325058579,-33.7648155387294
"dark",8,21,151.166015494247,-33.8664661002252
"light",8,7,151.197321106455,-33.8624490423331
"dark",15,36,151.289507482974,-33.8871068337194
"light",13,15,150.91475345262,-33.916848011143
"light",16,45,151.157758022374,-33.8711193245269
"light",8,29,151.268224927037,-33.8630135604359
"dark",15,34,150.598047671144,-33.7692292606616
"dark",15,17,151.190083219747,-33.9259492393718
"dark",15,49,150.678280478776,-33.7390220253185
"light",12,18,150.732086885523,-33.7215341577797
"dark",8,12,150.926377037702,-33.9276927266945
"light",8,59,151.17284247399,-33.8839487817332
"light",15,43,151.224588850407,-33.8485666930149
"light",16,28,150.724131571799,-33.7869279572437
"light",16,17,150.965178802256,-33.8326516791123
"light",15,56,150.980917854899,-33.7304345563464
"dark",8,33,150.897676163041,-33.9898212242297
"light",7,8,150.947110128477,-33.7311636265996
"light",11,22,151.226080447347,-33.9070638928862
"light",15,49,151.289279182098,-33.8591529844706
"light",8,3,151.037351878529,-33.8159408150414
"dark",8,59,151.034790254524,-33.7915919702967
"light",16,23,150.689589371566,-33.7246078335004
"light",15,58,151.034485140563,-33.6960099282831
"light",8,38,150.533898351669,-33.7825209670332
"light",10,45,151.250844764862,-33.8650464750203
"dark",7,42,151.005695268742,-33.8389598769166
"light",16,5,150.754467643125,-33.7166619324849
"light",7,18,150.888317744411,-33.9687009337044
"light",12,10,151.061245788544,-33.7941301283708
"dark",8,37,150.790117581514,-33.6906105908577
"dark",7,50,150.92187384277,-33.986346969541
"light",10,40,150.946736405029,-33.8761965739405
"light",8,8,151.046213333496,-33.8049442944086
"light",16,12,150.65623163137,-33.7583401884337
"light",7,53,150.971604529677,-33.799331574857
"dark",10,41,151.014027196003,-33.7988857372944
"dark",8,32,150.982571294918,-33.8010505279707
"dark",8,23,151.072578553083,-33.7663894815386
"light",8,10,150.954499839725,-33.8205983250816
"dark",16,31,150.627890083625,-33.7554997329029
"dark",7,47,150.797153871197,-33.8559831044143
"light",7,50,151.08095065684,-33.7225579243974
"light",8,24,151.043225023852,-33.7223468823963
"dark",16,11,151.058268079146,-33.7265258109218
"light",8,43,150.913953506821,-33.9686878741185
"dark",7,26,151.132552573048,-33.8890239864627
"dark",13,2,151.044099614337,-33.8679387785635
"dark",16,5,150.628689303612,-33.7548158590838
"light",15,48,150.808647772536,-33.6936777922215
"dark",15,10,150.932034433289,-33.890005862649
"light",7,47,150.760865998497,-33.740479257838
"dark",16,3,151.052616243135,-33.9253719976027
"dark",15,30,150.897854584378,-33.9835832339402
"dark",8,6,151.234472850699,-33.8658407345905
"light",8,53,151.034725128914,-33.8014098458376
"dark",11,54,151.197628966139,-33.8465572658922
"light",15,20,150.815395840807,-33.7215530499732
"light",14,26,151.072462099686,-33.8166188187599
"light",15,54,151.171268977454,-33.8292349558514
"light",13,51,151.204947217529,-33.8538772111974
"dark",16,35,151.03726903606,-33.7173516769509
"light",8,11,150.583626207883,-33.7610457681231
"light",16,5,151.121237099619,-33.858656140717
"dark",15,29,151.089549202774,-33.8605375761647
"light",12,49,150.936682777988,-33.8233744363175
"dark",11,43,150.638415217923,-33.780455584516
"dark",7,59,150.725158029531,-33.7417566713486
"light",8,6,150.719290436937,-33.7195729911232
"dark",7,54,150.985785461369,-33.7236395065967
"light",8,10,150.710032190407,-33.7610604178763
"dark",8,12,150.938583545466,-33.7279728571746
"dark",7,6,151.313629704607,-33.9245425220201
"light",8,27,150.961840548248,-33.8173329783986
"dark",15,35,150.953685415686,-33.8154520853415
"dark",15,20,150.655736712508,-33.7797082915697
"dark",16,46,150.931043999688,-33.9347180938816
"dark",15,55,151.28319653574,-33.8981954983539
"light",15,29,150.916599554133,-33.9589767379117
"light",16,42,151.204948832047,-33.8508444780884
"light",15,40,151.244155853134,-33.8351717216014
"light",16,15,151.20239040522,-33.842475589776
"dark",7,38,151.132778695671,-33.8601845656534
"dark",16,17,151.090480716597,-33.7175553893369
"dark",7,57,151.062785976103,-33.7800385087456
"light",7,51,150.995415280092,-33.8249167782818
"dark",16,24,151.288523824715,-33.8890946997079
"light",16,23,151.199229740654,-33.8721991284593
"light",16,28,150.89966551616,-33.9448522723438
"dark",7,41,150.975882466799,-33.8500469382669
"dark",11,41,150.646220019957,-33.7450333010986
"dark",14,54,151.194902449355,-33.8637778434713
"light",15,59,150.610089270734,-33.7132773021782
"light",7,50,151.248103736921,-33.8575323586119
"dark",15,47,151.177436106243,-33.8840823284317
"dark",8,20,151.228900706571,-33.8222771897478
"dark",10,12,150.765557889353,-33.7087744554293
"light",16,15,150.692637697613,-33.7235719988669
"light",12,31,151.221341938451,-33.881156893516
"light",16,7,151.009597909117,-33.8241864502968
"dark",15,46,150.96884564913,-33.8758863365855
"dark",8,43,151.16275818542,-33.8671134914661
"light",16,16,150.97750731345,-33.7648951671842
"light",15,30,150.978995971894,-33.8769597353642
"dark",15,40,150.699601199972,-33.7475615729367
"light",11,22,151.110130458896,-33.871350575139
"light",7,59,150.935414373194,-33.9032635888264
"dark",16,33,151.221173067092,-33.9003034181585
"dark",16,8,150.95061812625,-33.7932058186752
"light",15,30,150.714433375862,-33.7231504021258
"light",7,26,150.921479944857,-33.9223078586599
"dark",8,15,150.953237077751,-33.7719593116925
"light",8,31,150.962646680109,-33.8085054237397
"light",15,35,150.941611610565,-33.7316121495326
"dark",7,49,150.626763422814,-33.7462409695957
"dark",6,34,150.925525725206,-33.9924720892178
"light",7,38,150.94685702056,-33.8060307555898
"light",15,41,150.88572462353,-33.8215327286776
"light",8,4,150.987395911906,-33.8529631513358
"light",8,26,150.704350303609,-33.720827896528
"dark",16,5,151.018772162255,-33.8003146598532
"light",7,55,151.151691396205,-33.8809502857819
"light",11,31,151.12001101919,-33.8559320117872
"dark",16,42,151.013687646242,-33.7203895470504
"dark",8,47,151.053060881408,-33.6961345731184
"light",8,13,150.939372550749,-33.8240679734861
"light",16,17,150.927566287951,-33.9036516867941
"dark",8,7,150.961071489961,-33.8882635647153
"light",7,52,150.631459852051,-33.7640528397886
"dark",16,35,150.734687121096,-33.7246963164048
"dark",8,28,150.940717448366,-33.8699178979007
"dark",16,25,150.921434277783,-33.8818114093047
"light",7,54,151.146647601768,-33.8873966841489
"light",12,42,150.893501516122,-33.9833932855929
"dark",7,50,150.968754758914,-33.695032223206
"dark",12,16,151.282686583536,-33.8582072465831
"light",14,20,151.274979103641,-33.8403008329536
"light",7,59,150.658835962538,-33.7799944636165
"light",15,38,151.007018504972,-33.8126052356564
"light",12,2,151.152168435899,-33.8812613096866
"dark",7,42,150.739523688369,-33.7164637600675
"light",7,18,150.778971629335,-33.7045897865611
"dark",16,21,150.936256007489,-33.830047190051
"light",15,45,150.702795000127,-33.7252770494297
"light",15,54,150.900944365645,-33.9271037249566
"light",8,5,150.916614708654,-33.9200262332385
"light",12,15,151.092609694524,-33.7682643420712
"light",16,42,151.17878209781,-33.8860189040739
"dark",11,45,151.204374469026,-33.8900076165608
"light",11,24,150.957362885788,-33.8313007484961
"light",8,1,150.878762049095,-33.9559866544366
"light",12,32,151.012143827085,-33.8187570035463
"light",8,49,150.793542177116,-33.7236392041133
"light",7,39,150.93570351146,-33.8312265233465
"light",15,59,150.999464825797,-33.7095581129027
"dark",15,44,151.216327663636,-33.8663914015744
"light",15,49,150.666199059237,-33.7397963156733
"light",16,26,151.022276298841,-33.7960226185591
"dark",15,57,150.469743798416,-33.8313075397837
"dark",11,25,150.688066681991,-33.7941506406019
"dark",8,17,150.950606534117,-33.822909167581
"dark",16,25,150.954030321898,-33.7403547718383
"light",12,41,150.738303576628,-33.7888023892482
"light",12,30,151.015434584655,-33.8105865939535
"dark",15,23,151.263606650683,-33.8990786612249
"light",7,16,150.917606314967,-33.9860709908479
"light",11,49,150.971346969543,-33.7647361274492
"dark",7,29,151.028296226548,-33.8215505173276
"light",16,19,150.762652274491,-33.7468867248196
"dark",15,41,150.670203788092,-33.7946723946761
"light",8,17,150.81074515198,-33.7028134036325
"dark",15,28,151.118831637745,-33.7779508223014
"light",16,11,150.954307257619,-33.7452776606319
"dark",16,3,151.283086714295,-33.8594441124506
"light",12,16,150.911762521832,-33.9318409558542
"dark",15,46,150.775041282239,-33.7033613447714
"light",8,31,150.736666748245,-33.7281102903751
"light",7,59,151.163483956587,-33.8524704448714
"dark",7,40,150.954474365847,-33.8341066432153
"light",16,11,151.014703161081,-33.8154259293565
"dark",16,32,150.936784862906,-33.9053009973988
"dark",11,46,150.954362962694,-33.8593670705096
"dark",16,39,150.842238970589,-33.7334210857764
"dark",7,58,150.97546203657,-33.8031529104867
"light",15,50,150.874544351328,-33.9854758589237
"light",11,4,151.001976679585,-33.898455850033
"dark",12,34,151.235869146016,-33.8623389147575
"light",7,51,151.144228446178,-33.8717408197781
"light",7,44,150.763306009297,-33.7872741928179
"dark",8,20,150.934999721614,-33.8271783082944
"dark",15,28,150.55882390332,-33.8095040752632
"dark",15,28,150.578073316458,-33.8038716472996
"dark",12,9,150.77628958967,-33.7200710799088
"dark",7,44,151.020234705528,-33.7951090198129
"light",16,27,150.957572330781,-33.8447090349926
"light",15,40,150.683461170251,-33.6479850731958
"dark",14,51,151.136128457585,-33.7957642838178
"light",7,45,150.927722622156,-33.8330381516306
"light",12,50,151.214322467831,-33.8743712534594
"light",9,5,151.232795236985,-33.8252330850196
"dark",16,52,150.989751103449,-33.8090003280509
"dark",16,40,150.791791157975,-33.7137987680028
"dark",16,5,150.972748631807,-33.8325886026433
"light",16,28,151.169039422694,-33.8636528896372
"dark",15,37,150.98976331239,-33.7282335014769
"dark",15,30,151.157473305808,-33.9033234943557
"dark",15,52,150.803152872184,-33.7287657666597
"light",15,39,150.956943969279,-33.8305704164896
"light",15,35,150.911043975343,-33.9569584817933
"light",7,43,151.031476299001,-33.7916202793887
"dark",7,57,151.171300448592,-33.8453646022631
"dark",7,52,150.930234955695,-33.9943168777081
"dark",8,33,151.216389162271,-33.8336636229875
"dark",15,53,151.121530774763,-33.8490119745882
"dark",15,36,151.171552469931,-33.861967368831
"light",16,32,151.277258282133,-33.8769773276938
"dark",11,49,151.182053511603,-33.8430197256574
"light",16,20,150.978766843039,-33.7285302516427
"dark",7,59,150.99997987782,-33.8442126706418
"light",8,53,151.099638018776,-33.770743411825
"light",8,15,150.703365463371,-33.7832598124867
"light",8,26,150.646305586062,-33.7979615056198
"dark",16,25,150.915058541373,-33.979049917891
"light",12,56,150.931091349193,-33.8863677786656
"dark",11,39,151.279254249855,-33.8460800956737
"light",8,36,150.955198560431,-33.8372400393329
"light",16,34,151.233949966283,-33.8496138125968
"light",15,34,150.932865423556,-33.816232138535
"light",16,37,151.237128772347,-33.8855403295116
"dark",15,44,150.682306096235,-33.7246660034159
"light",9,49,151.004433382361,-33.8142051078021
"dark",16,17,150.685721668938,-33.7465978478434
"light",15,36,150.712726507309,-33.758010541314
"light",7,58,150.671872433456,-33.7767719173261
"dark",15,52,150.705182506591,-33.7399437136421
"light",8,5,150.722151864453,-33.7426978008098
"light",15,58,150.927577281269,-33.9186549461727
"light",8,29,150.993724711418,-33.7177941564489
"dark",16,33,151.174960487325,-33.862678802502
"light",10,31,150.685409493433,-33.7680397233211
"dark",15,8,151.20918991627,-33.8459750535824
"light",12,15,150.999433897718,-33.834667117642
"light",8,0,150.983261869046,-33.7204246106436
"dark",8,6,150.752115246957,-33.7669091567506
"light",15,26,150.709565938697,-33.7008480213549
"light",16,52,151.259053182417,-33.8680335377323
"light",7,31,150.80431383349,-33.7125799968924
"dark",10,56,150.581870750043,-33.7637028171293
"dark",8,12,151.217204038622,-33.8406359635672
"light",16,21,150.68113512658,-33.750001891944
"dark",7,58,150.701482464375,-33.7565950803675
"light",15,59,151.013463833354,-33.8144847645526
"light",11,25,151.200297634819,-33.8592930747487
"light",15,58,151.02398424902,-33.8061124425442
"dark",16,14,150.955354589348,-33.796530228327
"dark",15,51,150.544243008494,-33.8392779430235
"dark",12,51,150.986849198087,-33.8295546870191
"dark",7,57,151.258294201571,-33.8567556725029
"dark",16,16,150.685753197979,-33.7709648996274
"light",7,23,150.537902987387,-33.7946850267193
"dark",15,55,150.969773323117,-33.8454650630735
"dark",15,42,151.190954452586,-33.8405698885106
"light",15,9,151.067033081368,-33.8375574010086
"light",12,24,150.768111650114,-33.7416693291031
"dark",7,51,151.001156427072,-33.8456467109107
"dark",8,26,150.713548217832,-33.7143218041446
"dark",15,51,150.633051709313,-33.796759102145
"dark",7,26,150.956394048393,-33.9232852495905
"light",11,49,150.697945021887,-33.7591762254099
"light",15,31,151.216409823432,-33.8328944263121
"light",12,39,150.561405785199,-33.7886552598031
"light",15,32,151.049441022573,-33.817117989751
"light",16,43,150.946922092199,-33.9068516581114
"light",8,5,151.080704991076,-33.7792279228336
"light",10,44,150.7649011146,-33.6770144457684
"light",16,8,150.891464441535,-33.9635927609021
"light",8,20,150.982260124153,-33.8129356405277
"light",7,47,151.105845034473,-33.8231967438797
"light",16,13,150.996733001619,-33.8303513015611
"dark",15,17,151.05138964236,-33.7999684951975
"dark",16,8,150.935672883475,-33.8862032146563
"light",12,2,150.66818818042,-33.753058740176
"dark",16,11,151.107478225626,-33.8306262068477
"light",15,31,150.92996322312,-33.9264301096913
"dark",15,44,151.186385153981,-33.8703234768917
"dark",8,2,150.963127666341,-33.8119398328892
"dark",16,5,150.941935011119,-33.8458962857675
"light",8,9,151.235992240167,-33.8881476152035
"light",16,2,151.168953603342,-33.8591752906532
"light",16,37,150.878006354933,-33.9790298354458
"dark",7,31,151.056885970364,-33.8234619590549
"dark",7,52,151.007218978648,-33.746481893905
"light",16,29,150.890107862886,-33.8119559645377
"light",16,17,150.671757868306,-33.7877459958864
"light",15,40,150.924343057975,-33.8281120329783
"dark",11,19,150.733619261314,-33.7168226848107
"dark",16,16,150.553650552012,-33.7925092500705
"dark",8,5,150.972864828137,-33.8374213765429
"light",16,37,150.927000323955,-33.9370659329495
"dark",16,20,150.922919017949,-33.9250709281162
"dark",7,34,151.002104010858,-33.7188720834511
"dark",11,52,150.973288641788,-33.8221657499442
"light",16,24,150.986344070443,-33.732955042753
"light",8,0,151.210063720147,-33.8484913913412
"light",12,40,151.025323412801,-33.7932105543728
"light",16,8,151.205889510311,-33.8940843021289
"light",15,57,151.027660880186,-33.7203117906219
"dark",7,33,151.16863532179,-33.8733709511937
"light",7,56,151.105783529568,-33.8159610576824
"light",15,41,151.058502241502,-33.8097103978714
"dark",15,45,151.071998433821,-33.7274520216532
"dark",8,8,150.592084162791,-33.7560457898331
"light",8,23,150.789876330699,-33.7353085728611
"light",8,1,151.228396712983,-33.8566733565449
"light",7,50,151.235273746431,-33.8833635171162
"dark",12,7,151.153233173107,-33.8683078409577
"dark",7,25,151.363537754126,-33.9012207011541
"light",15,58,150.524951611843,-33.7170296497303
"light",11,26,151.321359984546,-33.9045814917641
"dark",15,56,150.777825730702,-33.7170948064577
"dark",7,53,151.182927609609,-33.920177959621
"light",16,58,150.972512095036,-33.7344077867423
"light",8,17,150.712472213151,-33.7694833765652
"dark",11,52,151.198746761924,-33.8659175298185
"dark",16,12,151.081415664563,-33.7687812551559
"light",8,4,150.985644636574,-33.7188644653142
"dark",8,59,151.217459829437,-33.8754471286147
"light",15,44,150.806431213842,-33.7395674980582
"dark",15,42,150.714155042651,-33.7241670729721
"dark",16,39,150.910833385538,-33.8857620777522
"dark",16,9,150.959433003581,-33.873319716432
"light",13,47,151.292204399464,-33.8984902351296
"light",15,57,150.921156009767,-33.9467601598025
"dark",16,2,150.892170895707,-33.963388927554
"dark",15,50,150.902030685777,-33.9023753232886
"light",16,40,150.785892677576,-33.7078395950484
"dark",8,47,151.198337292397,-33.8733715047061
"light",16,28,150.954894943342,-33.7450248402612
"light",16,42,150.929895706074,-33.8306722479221
"light",7,54,151.289490026957,-33.8548109193353
"dark",8,41,150.996062977706,-33.7997939216565
"light",15,49,151.080061060565,-33.8013842844359
"light",15,36,151.05626537391,-33.793299910287
"dark",7,41,150.935847627489,-33.9623737008439
"dark",16,56,151.11853177387,-33.8701211626478
"light",16,25,150.771708869786,-33.7282064646532
"light",8,16,150.922335821391,-33.8847421338973
"light",16,10,150.969827884158,-33.8308840703332
"light",10,48,151.118126609782,-33.8597578731513
"dark",13,59,151.04785415333,-33.8395752166678
"dark",8,12,151.056395911223,-33.718319231861
"light",8,7,150.985318319585,-33.8299929556559
"light",6,54,150.908847812884,-33.9075867101714
"light",16,46,151.273194195726,-33.8623084927983
"light",7,58,150.919912548431,-33.8688629636876
"dark",8,2,150.973523372502,-33.7438900963506
"light",7,12,150.914645617327,-33.82141353837
"light",8,20,151.27320315176,-33.8863705078172
"dark",16,54,150.781716765817,-33.7116645566387
"dark",12,43,151.239769096296,-33.8785770477
"dark",8,11,150.636225433442,-33.8385080474495
"dark",8,5,151.243200437808,-33.9161861131663
"light",8,19,150.783342073515,-33.7358546251491
"dark",8,26,151.107979847898,-33.7558776582863
"dark",16,28,150.996770848736,-33.8145259792947
"dark",15,51,150.70894457726,-33.7844111586615
"dark",15,37,150.921534965217,-33.9804827924218
"light",7,56,150.969363415838,-33.7153417473518
"dark",15,55,151.30488819314,-33.8779915185871
"light",7,46,150.660806663477,-33.7826175121127
"dark",16,5,150.63510038694,-33.7778187708572
"dark",7,57,150.680822400237,-33.7582704833002
"light",16,53,150.898905259523,-33.8146253836452
"light",8,20,151.036524757698,-33.8141486574824
"light",15,13,150.939970223181,-33.7080544558036
"dark",7,56,151.071471225947,-33.7851154883374
"light",7,23,150.929601109093,-33.9251249877995
"light",12,39,150.64118221444,-33.7263701773962
"light",16,46,150.953570916354,-33.8145300772213
"dark",12,4,150.987736981477,-33.8786894067557
"light",15,49,150.631819647803,-33.7864757732679
"dark",12,27,151.070315265859,-33.7971311599269
"light",15,41,150.970026995073,-33.8519803478737
"light",15,26,150.911509364931,-33.9389887882816
"light",8,47,150.946608738207,-33.8368993710636
"light",8,46,151.30531827231,-33.8723335592835
"light",15,60,151.227403303468,-33.870005700538
"dark",8,11,150.590374155917,-33.7640596729718
"light",16,35,151.130361908914,-33.8538081725051
"dark",8,16,150.581641312161,-33.7576298937319
"dark",16,36,150.733309377419,-33.7484251066718
"dark",16,26,150.800765313394,-33.8180544236304
"dark",7,38,150.569529160896,-33.7681050023934
"light",8,7,150.978031616944,-33.8354156817803
"light",7,59,150.741982569802,-33.7453899739304
"dark",11,55,150.927905407492,-33.8782524934358
"light",7,45,151.029153200899,-33.7052619447428
"dark",16,5,150.663628760793,-33.7394769812021
"dark",15,12,150.944529151321,-33.7506065077304
"dark",15,59,150.817184555795,-33.7212772008017
"light",15,46,150.920397596472,-33.9499000271162
"light",7,48,150.669461437898,-33.7500703944966
"light",16,6,150.942859967976,-33.9174487238862
"dark",7,52,151.19103985202,-33.8644830090368
"light",8,49,150.951746750435,-33.8073241324362
"dark",8,53,151.201972260687,-33.887872331453
"light",11,12,151.015329361676,-33.7703028529585
"light",8,48,151.018260331423,-33.7244360758186
"light",17,15,151.249180108147,-33.8619428905514
"light",16,45,151.023387117695,-33.717851444963
"dark",7,46,151.314423208354,-33.8511775777423
"dark",7,54,150.914756889246,-33.8722740086741
"dark",16,50,150.674527060406,-33.7349852865481
"light",15,13,151.161991388124,-33.8798000492798
"light",8,19,151.178715193285,-33.8695093998432
"light",12,0,151.034460339923,-33.7923383828079
"dark",16,34,150.716742274208,-33.7832392598245
"dark",8,56,151.200614154852,-33.8590921090889
"dark",7,53,151.025567481948,-33.8244969300789
"light",16,24,150.934515257921,-33.8399448722317
"light",16,21,150.668060665022,-33.7670991126768
"dark",7,31,151.154146398617,-33.8761746790783
"light",16,39,151.041764629752,-33.6798703383463
"dark",15,46,151.006587068302,-33.8159946911168
"light",15,3,150.708696223287,-33.7539981887732
"light",16,24,150.807860546053,-33.6863259412346
"light",7,12,150.933018428725,-33.8306946750945
"dark",15,13,150.913033721135,-33.9181372957628
"dark",7,50,151.195648368384,-33.8577553420559
"light",16,55,151.00871185792,-33.8098354470867
"light",8,33,151.030188006699,-33.7952571245686
"dark",16,38,151.006748294173,-33.7982369861218
"dark",15,30,150.744490194317,-33.7551327974468
"dark",8,38,150.961190126446,-33.7880558211879
"dark",15,26,150.816733133021,-33.7131135562101
"light",10,49,150.760426140103,-33.6997713618063
"dark",16,13,151.188254048694,-33.8889521596608
"light",16,10,151.053253043013,-33.8041488316669
"light",8,5,150.673892747095,-33.7515072950889
"dark",7,5,150.77431962838,-33.7287945738969
"light",15,42,150.588538049959,-33.7791206935079
"dark",16,6,150.694200874377,-33.7114973895212
"dark",8,9,150.95958765857,-33.8386470737166
"light",7,36,151.041223780094,-33.7957886871913
"light",15,35,150.995719606844,-33.7851780824889
"light",11,29,151.037437718082,-33.8281737159696
"dark",9,20,150.953950958933,-33.807093234039
"dark",16,31,150.964715238667,-33.798958369975
"dark",7,49,150.877695661411,-33.9308071528589
"light",15,27,151.041463262924,-33.8281628608522
"light",15,19,150.977497175069,-33.8217008791961
"light",7,36,150.72729842482,-33.736222268518
"dark",12,54,150.791386695399,-33.6742733894396
"light",16,10,150.937642398621,-33.8546451143022
"light",7,45,150.95707501305,-33.8269191019031
"light",16,47,150.833562598074,-33.7691899701421
"light",7,32,151.198066369241,-33.8516449620575
"light",8,14,150.751144558415,-33.716993075143
"dark",16,20,151.032169304989,-33.7410685742471
"dark",7,31,150.645802879612,-33.787951630916
"dark",15,46,150.724816714484,-33.7297431109316
"dark",16,5,150.747734972802,-33.7466274367194
"light",7,3,150.727702304128,-33.7538002076207
"light",15,25,150.994027238376,-33.8319254927993
"light",13,15,150.993113112513,-33.7555392734022
"dark",16,13,150.915572556891,-33.9348522220003
"dark",15,49,150.725033902078,-33.7391809359058
"light",10,35,151.14046370138,-33.8953936338226
"light",8,38,150.994943941275,-33.8084406909748
"dark",7,33,150.670675374337,-33.7740022819218
"dark",10,13,151.066482669196,-33.8013068155826
"dark",15,55,151.263917432078,-33.9020859032727
"light",8,3,151.313730168147,-33.8754624214624
"light",8,41,150.988053119484,-33.8265719689912
"dark",16,29,150.660740790094,-33.7481592012438
"light",7,31,150.662282645828,-33.7408473089226
"light",8,15,151.276682671707,-33.8728373404874
"dark",15,19,151.199950057945,-33.8407407830561
"light",12,50,150.692261718981,-33.7360758388231
"light",7,23,151.20271521738,-33.8448026159787
"light",6,48,150.975680429624,-33.806402554875
"dark",11,29,151.183471929001,-33.8678273327182
"light",7,18,151.268510844933,-33.869116020967
"dark",16,14,150.951985190423,-33.8835932559123
"dark",16,16,150.958743395269,-33.811646462539
"light",10,35,150.884094204403,-33.9422695694738
"light",7,43,150.971357568742,-33.7210040388995
"light",10,59,151.154127250341,-33.8681378938343
"dark",16,24,150.940158760445,-33.8132425510924
"dark",13,20,151.063908409644,-33.8223234209983
"light",11,13,150.967103482497,-33.788076033884
"light",10,55,150.717602841566,-33.751978328146
"dark",15,51,150.813387528762,-33.8633844739176
"light",15,59,150.794278281445,-33.7431510564259
"dark",8,17,151.233047479262,-33.8646306440068
"light",8,45,150.971390181703,-33.8304690991597
"light",15,20,151.004778407512,-33.7990778516776
"dark",16,51,150.98467620818,-33.8096131422504
"light",15,35,150.713532682484,-33.6836457831487
"light",8,8,151.203363369605,-33.8756174220671
"dark",7,32,150.922690500576,-33.9078704567463
"dark",16,1,150.656491668202,-33.7300772782327
"dark",12,0,150.703495466412,-33.7467603100482
"dark",8,7,151.08310954511,-33.7915993591093
"light",15,49,151.227596438391,-33.8453913148246
"dark",15,8,150.944656026474,-33.9380014743475
"dark",7,53,151.215776817883,-33.8297222976641
"light",10,32,151.254817698952,-33.8552000893937
"light",8,19,150.714051262074,-33.763710574239
"light",15,59,150.808706068158,-33.6866694569421
"dark",15,29,150.995305763743,-33.7089581083621
"dark",15,32,151.198117738754,-33.8698502345304
"dark",8,19,150.72934297913,-33.7863456666011
"dark",15,42,151.235535040308,-33.8940622964208
"dark",15,51,150.939513555641,-33.9010928818761
"light",16,8,151.193833415756,-33.8830431804762
"light",12,26,151.030462863081,-33.7447501342802
"light",15,50,150.648823113042,-33.7475915565318
"dark",16,17,150.932209534281,-33.8991307748129
"light",8,13,151.267331159907,-33.8503547282678
"light",8,1,151.003371451791,-33.806128002561
"dark",8,11,150.643601030584,-33.7816816159772
"light",8,48,150.585652097756,-33.7727385571387
"light",8,53,151.211548744875,-33.9135788602375
"dark",13,38,151.239662080846,-33.8539356815421
"light",14,50,151.099220094188,-33.7861146224489
"dark",15,51,150.918543562169,-33.9201797319825
"light",8,57,150.961226275966,-33.8078471444672
"dark",16,31,150.935355746779,-33.9098875850548
"light",9,11,150.786337039522,-33.692316721683
"light",16,13,150.739228945432,-33.7422531567559
"dark",15,44,150.686664518427,-33.7811004723766
"light",10,45,150.967361728871,-33.7307793133175
"dark",11,35,151.245911039836,-33.8672881759961
"dark",16,40,150.959511065194,-33.8328000091309
"light",7,60,150.629890846045,-33.7967145085962
"dark",8,7,150.919454008892,-33.8459861040373
"light",8,7,151.239855499071,-33.8834167856896
"light",15,51,151.159238470515,-33.8821095314961
"dark",8,13,151.195572188016,-33.8523435231265
"dark",16,35,150.896502672225,-33.8459973732745
"dark",16,24,150.752328198389,-33.7424111583345
"light",8,17,151.210931260847,-33.8441917605819
"dark",15,28,151.189057956463,-33.8647808153319
"light",7,49,150.769254036338,-33.7566680133064
"dark",15,17,151.187178178364,-33.8825489607485
"light",11,2,150.879994332761,-33.7085134542765
"dark",15,22,151.321175977387,-33.8232045667652
"light",15,38,151.057515366462,-33.7996295947857
"light",9,8,150.950988940343,-33.8828908622359
"light",16,35,150.940049084834,-33.8133496247984
"light",8,14,150.701544801734,-33.7235137553771
"dark",12,19,150.736540185658,-33.7223029749581
"light",15,44,150.931910720845,-33.9333471434109
"dark",15,49,151.172538408553,-33.7731001985179
"light",16,2,150.687983949754,-33.7539260559944
"light",15,51,151.201935296638,-33.8642182494464
"dark",7,59,150.955108502841,-33.7417412523493
"dark",7,26,150.81301954531,-33.7978698521615
"dark",11,43,150.925405143077,-33.9616760264214
"light",15,50,151.226998237895,-33.8891600636462
"light",15,43,150.940929507128,-33.7046881330079
"dark",7,37,150.642995017733,-33.7512201057168
"dark",16,30,150.912633329641,-33.8588251508731
"dark",7,35,150.939403616615,-33.8264604211745
"dark",16,31,151.033065789832,-33.7254741227211
"dark",11,34,150.574384484219,-33.786456888141
"light",7,58,151.275890516198,-33.8507861895907
"dark",7,53,150.942467538465,-33.7232747949286
"light",16,25,151.214590399375,-33.8451149859338
"light",6,48,151.037546187536,-33.8003334919477
"light",12,50,150.885480592464,-34.055456259227
"light",15,40,151.079641201742,-33.7365292578114
"light",16,27,151.02286696916,-33.8426811798002
"light",15,12,151.001020280941,-33.7045785146346
"light",11,33,150.928857134482,-33.7953816536277
"light",7,56,151.148662947344,-33.8674380599971
"light",13,50,151.069703007183,-33.9052215446105
"dark",16,8,150.935434404414,-33.9499049074459
"dark",11,48,151.176923273497,-33.8332208060982
"dark",11,12,150.609127881864,-33.7498086849296
"light",15,46,151.225604879739,-33.8922403992164
"light",11,54,151.17625215089,-33.8564389098844
"light",9,26,150.965851283678,-33.7559783366717
"light",7,39,151.102383514276,-33.8169558989522
"dark",13,3,150.984697930849,-33.8329123556199
"light",11,29,151.180347480724,-33.8856403754175
"light",12,4,151.011502175811,-33.8383980240596
"dark",8,41,150.935128126784,-33.8278493148653
"light",8,4,151.203147913315,-33.8911049106738
"dark",15,57,150.969780299378,-33.7848504835524
"light",14,48,150.807151316467,-33.7224952733684
"light",14,53,150.925198382211,-33.9484573563899
"dark",16,31,151.26706772248,-33.8695765911526
"light",8,12,150.639787045682,-33.7641867924527
"light",15,15,150.709753909206,-33.727173579995
"light",7,43,150.966214225077,-33.8599622606589
"light",7,35,150.668137602437,-33.7737819067267
"dark",8,20,150.700989935436,-33.7683216013312
"light",11,55,150.738629083198,-33.7284939187569
